;Sample;Image;Cell;Length;TTI;Transect Length;Peaks Count
0;processed;1;1;13.86;0.3421309872922776;20.46;7
1;processed;1;2;15.84;0.40504050405040504;22.22;9
2;processed;1;3;17.493;0.17316017316017315;23.1;4
3;processed;1;4;27.722;0.16835016835016836;29.7;5
4;processed;1;5;26.842;0.2625533311453889;30.47;8
